WELL,NET_PAY,HCPV,PERM_TIMUR,PHIA,SW_SIMANDOUX
Well_0,846,88.02004261382258,0.1,0.1563600625307935,0.6069886472557883
Well_1,674,58.432128805691015,0.1,0.2202683605840272,0.3454038380542041
Well_2,149,14.263973161701317,0.1,0.197286402727248,0.40228727014095683
Well_3,554,44.63638180075641,0.1,0.18960634963273246,0.33535656195822283
Well_4,557,67.01557015796065,0.1,0.22073514071861763,0.2943328570223524
